"sei1q2cc8kmtvedlfjk73408envhtkd0gcawd8xpn7",
"sei1zxmxxk02k4x5mt30vjzpgjvy3m8lce8fhewxsk",
"sei1usf8zy2m0e9r9da26yelllqqupt80na3p052vs",
"sei1ea93mvnau4zv03rsq2magjdlk3c4j3xm6c9g77",
"sei1ln0mazhp4mn33vujjk8gm04fttdkjn35hyl203",
"sei1jnal3c2z4su7tz3zy59uc0wsmjmzftkrrpl6t6",
"sei1w8ltk3lcxm8lvvxwgmj3nyzn48mrjx05wtzy2z",
"sei1at36p2q0j8xjmk6pry00w3qexwcermflsj6ghr",
"sei1wzazygn9ygaruplxey0ww72yr93xrn3fwen8hp",
"sei1509sn8x8k9e76s7uq346x0x4qn5e9ph55ml0jr",
"sei1undqsk2dfqzqwrnzgq2fq4rvtzdw0watwsspce",
"sei1q2cc8kmtvedlfjk73408envhtkd0gcawd8xpn7",
"sei10x6cgk633hhl4wrs6zlmd2lnjgtt6xhc2cs2fk",
"sei1m5t2k5fd9rqcppeddzft85prwnme3t0vqqkgf7",
"sei1laja7n7q2z83npfj0j4w68kmr494jg4lsxaymn",
"sei1sdqqffm0v9cvdrlxay8m6xs3k04hj3rs44sd3q",