addresses,
sei1cd3rwffxp6txd45rumep5vus0xvjzlsgxay6ka,
sei1jnrfw5taqz2x50vjdm9q4tpj5vlg7n4h9fes7j,
sei17vk356992847ch5pjymfjes4kljwmgypawl3qy,
sei1h23l9rj6092363f7vj9vcr0paqqu3pr5m0wgfz,
sei1ah3tcewjduzgqyu4l309z077q8a5jwf9v9errd,
sei12mvmt94m5d4xg99v8et04nr5klwk0w8uagehgh,
sei1nptm8jvkxejyefhjyt7mm5z0ar3t57qhs2syfk,
sei1sk7ufy5c3jtuym0raf87cdlupqgzhzqkjex9ta,
sei1nhw40kze0tqgfjmp5mf3jjyxswpfrayvdj3sqh,
sei19m9ejwwc7gcp8sf5qy2y2xvwd7z2gxqnkue2zq,
sei1h5sn3ap6t8xn8a0x34hdp3vkxwvw44vlh7qms9,
sei1e56jpm2cy9sjqxv3yyymz3hqnulv5l3szlmktc,
sei1tgfds2fughedqhqn8q8vhgq48rxk4fdrup996n,
sei182nerte0e0hvrzetgfglg3gs3tl5e60ndlp7qs,
sei13r5j4hsspwffav5026re4x3fexd6ufkfsd2337,
sei1s6076dyu6me5702msn4ejpf6ktftpszu5petfz,
sei1l02wx4dhgy49k7e08tl23f8jcz3lj55uus0rws,
sei193znprjmwd94a8kz5d0k88x3e88xsq08l7kjr0,
sei13u0zm6plkf4tsd8dhqhd9cgaf3pjpxrh6crvua,
sei15gvx4fr93ks7a466eetjpmdrrn9sfjpruc0gwt,
sei14t9uq7nf5kxezs9cuv2zd2xxpxahp9mus700m9,
sei1mrlxv73rlc4qdnczv8l0s9y78smuatkhpn5llh,
sei1rh326slsjsulfsazchcf09yddjgqvpvdnqmuc6,
sei1j2knuecexwrk0208ctawgkeptkzcu557rj6yhx,
sei12dr08zl6eefvuqkva495hkyvcxrfuz2rhvz5eh,
sei13tgu7fs70gx2uz4dsk697lc0ff57xs9ptf48h6,
sei15xayad0zx6yu8jk2fyt4hd5ng24yvzyuq9u94c,
sei15l8vap60fg4snhxc74x3n7wyh8m7hg4qzvr5w9,
sei1rxl4f25hnpufpjstsk0r4adzzdyf2zyrkn088m,
sei1e433j396k53apzunc6z708852z559npp4ykf6t,
sei1mrux3jkdf8tescrj05yqta7xpa5y74gtnfwlc6,
sei17m3cadaydh5vhwnpvw49lqvc7pne7nd4psxh06,
sei14ypss7l2fj5n8y9fuw50lq6k05xv8tknamz4wa,
sei1tt3a303mtsjsj0pxzzqp75fny596y5pychzy4p,
sei18p7ed62cm4q67ghfq9dwwfaehszphsf3whkws3,
sei18unazwrc3uf0e7e2qmhlthwkpxuxk3lkreze7j,
sei13m2p7l52gksmnguzz76ga52sxr8f70aqwjwkqr,
sei12zzva02gr5ufzzs5v6kkj98rpgn2yak6jnsl6t,
sei15mkdwtzdk0pt77d8umz9hht52zp80atakcgwhh,
sei1k75w0m45u6jfel59tcngyztwkc6xyfasekr696,
sei17h850w3m8arw88zvu5gyt987qnlcf6hl2nj0rn,
sei1fmmkme8sa5a9lvf5z4dqv8slk7je26cpqww7te,
sei1jk2ytz7vsw0k4m0trj6x590u36ulwzx2u5lx7w,
sei1undqsk2dfqzqwrnzgq2fq4rvtzdw0watwsspce,
sei1ng7jtltutdtgr3vaa6khnydfz5pk3v4xhly0ja,
sei1wdfuwe54mx5stjsdghc3fyac8ty85e0h478xjh,
sei1zylyu2jflsgaq84ad40vuleuejl66kld598gqx,
sei13jl9lejqv2k7eycts8zegaskrsqd0e0qye3gjh,
sei1j0pa4f4yeg7enaa7krfzaafca397280zgjpdfw,
sei1vmc4ruhdcnkr0usr2jascs0kea94sznh4lnxt5,
sei1ng86t4gx6n0hjplpfptyz7fjqanawpjcnwh6ue,
sei1csm3ta7l78eecrdmdl4evqll0enj5yrvmfnfva,
sei1h73z5h3c0nhj3xkwqryp2ha8nc202qpm9vatz5,
sei1sgdf9tu0j2utlcsfvx3s53nfhk2q6p0gz2rj7y,
sei1llqks85h8r5dajq9lk7mpqc499fq05wdgae3jh,
sei1ehy8qq4kh48y0ljv8r6wd3tp8qcqh9xs8dd5g4,
sei1mm89fmpcck9acfqrcxcjhk8pe47wa6xl63fhgt,
sei1f6gleduz0kwglvswxrjx4vfml5n8nkhawtlfw2,
sei1apkue0hqhvsh0gh09xtqfnrlqa9v5qv7wg074n,
sei1dzghx3kugh56y0r206pkecp4hm7z52eujqh8l6,
sei18wdvm53dyzfqj4wll6q67uhfps8kh8xmvmdwje,
sei13m5pack00kcx7hdnw505zck78en9mm6lxhaql3,
sei1qt7rv4n92k8emskp4c39wx9y7qy09kqtlxl3ta,