token_id,address,
1,sei1508l08mnqcac4hzdl9kfnx4xkvmvawptfulhku,
1,sei1leqfksa6wg29n6252f3cm5ehfy9wzj97yjcwpn,
1,sei1q594r7vkcyede204c7fzv9ayfq0wwnq40jrx75,
1,sei175cmfwg0qqj7rgyfpu82ldrwcnsxfx808jat9a,
1,sei1vxqrp8msdvrypnr489jhuu09gay2e6utkkm3g2,
1,sei1xkzpz4fgldxv30ngu4xetetk5qjvg0nhzxllp4,
1,sei1ed7ls408dtxq8sdaanqyre65nhmlqs4umvrwm2,
1,sei1yqf7p34lns3drjn5pd9ztdje8c3qqfrtlk983l,
1,sei1vkgdgd2dkqp2dh3jmh95rlwehadaang8ydn4dq,
1,sei1z4k7sxumdl0xw2yhq2pyu9uektf6rq2f256w6n,
1,sei1kecag6tyfw7mj53hv0zc40mscz9zs6cgtch8e6,
1,sei1u8rql0972tve6nwhf9uyvf5we7estg3g38js06,
1,sei1e78g6rs4jj5d2rtehlcfkpl359qmx8kw0nlprq,
1,sei1wl8dl05w9z7jnnes0xdx2x45njleztgqgkauwk,
1,sei1ej7y4tpsm6x9mx2w2dcc7s27mve2v3f755266h,
1,sei1pxhxqh5f547uvxws45hjaycwrysqk5rwltq3ka,
1,sei124e22yfsst89ss88c77gjk5v56kvpm404j0cuz,
1,sei1k8v5jv3waes97r5c774lvvnszwnmn263waj2lt,
1,sei1rqtm87uy0gfmg2z7mwcu9wmq7xtu49qzrh82y4,
1,sei1v7r306kdugkxw54fjwer3hcw5kwdwt64m5dh3a,
1,sei1hjpcpk8wjvpkl09ct4fgx4k2yp2suw3dj80t7h,
1,sei1c7vkkwes993al6q7tjudedw69c5hfqemqtmqrk,
1,sei1snweyrzw30jfsfay42ch09p62nkl7mmzp0nyrd,
1,sei1t0ue8nus0c6q9589r4c62c93d9x0d6vrsyn2pr,
1,sei1jepynnk3k52whglkxzm7d6lcl4k4eul660hn43,
1,sei1jcg5emwhcxs3hmk50fukvlvz4jwx3yuhc6phl9,
1,sei1fl37qs7mdl4xqfkk9ffqwkk0tm2nj89pt9qztw,
1,sei12y2a5qaszqk96x80wrlluwv6335y2mclzzg2u7,
1,sei17qesuud6yvxr9gvdmccxcdazdy7km7w6vwxp2n,
1,sei1ztdet5pm5rq288wtr8pphywqewdkvm5sz7wert,
1,sei1wkz3e3arrcep27epnchkhrz55yy4t4w0gu6x9x,
1,sei1ul5nqt7pcse85jum4kt2wk238jvetr0uj2yjqu,
1,sei1xg9cs3cdvw2kyjkuv2ukmrdnncwz50zwufd775,
1,sei10lsjxcl2ul4ckrs87eedu44mjpe05s7y08parl,
1,sei1jte848kegly50v3urh3nlj54ammqkyrrnluf99,
1,sei1sg6w5kuc0wjxdsme364866q2vz2fsuvshapfnu,
1,sei1mg9lcpmeslktprm3ehpagq49l6d4lzcgdd67j7,
1,sei1n2qn5d74uzjpf35z3rg5y2uaje2gxtgclqdvm5,
1,sei1k6jlq58cuedu2s9dgsag9lyvx4x4h2er4tznv7,
1,sei1dj0vk9wdq7t6rp8jcgrjnvdd7m7vs4agjhm4rf,
1,sei14qqq9qg3dr8g2xylwwjcsa3djpqvf8dua6hg4e,
1,sei1847ta9wa8m3gnnrtlvddfdfjpshjdautzja9wv,
1,sei1tnyj0hqnr8q5gu4t4uw65wph8cwkfqvja23ku6,
1,sei1m5t2k5fd9rqcppeddzft85prwnme3t0vqqkgf7,
1,sei1xnpl9tken47x0jls8h0t7te32v0gyn5fv32mn5,
1,sei1zg986ejg0lhlz6fjgyp8ea9yueh7jx3jyy0cmf,
1,sei1jv4qmrx4a0nra0ut05sm2xmtqwfmzn05lqhq3x,
1,sei15pjwvyt62unf4desdcqn22p5w4rw4pwyhfyrl6,
1,sei1u2kghlur06heunurcevmlzkxvq6jhr563hartm,
1,sei1npw2ara0zs8j2uyx8hm4f62khsjsch6s48ae5y,
1,sei10l3959wewrs7yrq05l8mpzk7tj6frpt6jyzhdu,
1,sei1atwx4sqcmtxqtezkyvewvwywv9kg96swrnstmp,
1,sei1z4h2v35gjh5t08y7r9cl4qyr00axhe876m80n0,
1,sei1ha8vqad86m8gr5wr8vzjp9q5krjdg80rq5vcrj,
1,sei1xkzpz4fgldxv30ngu4xetetk5qjvg0nhzxllp4,
1,sei1untru7yuazu29am7m3p06tcyqu724dh4huv4dj,
1,sei1kwrwh4z9eh5p9a528w64e3ctvq43u092kx8fw0,
1,sei14x3t4uumxveeqmtauqvdj3kr23znqgzdljvsfs,
1,sei1dayl6672fwr2dvwfnqjnwqu3k7v4tzsv584387,
1,sei1wk8zn0vgxx0rzcl5kuvr0n7p7d77mfespcqfsn,
1,sei1sv6sz62kg3074yx4snvsaea9ve8m0qly2zgly9,
1,sei1rjgsmsjcxsspzzp5u53y36uz2ypn2vwzryd794,
1,sei1w3alaghs0m4ltvpxknxuar8xr4024fj3mytln4,
1,sei1tzeqpc7jss7zw6qsqgd6kjqw9dwn22v5ve87ke,
1,sei1tpl293pk6twu8s76dh70pe5p9cmtt9wkxnkdxm,
1,sei14nzynh07z3w6n3vftemr2fthfj5atfaage5vue,
1,sei1we0ul5zp9ug7e299a5unl75a8jhr7kqnjg8twr,
1,sei1j8hpcyaclrdjgx6ynj4qxsemw069f8vrdeq7ey,
1,sei1mqlpn9pt6ra7x3d7j6xdyyms3vm0rgmlncq7ds,
1,sei1z5h9zdfxqc0xvh8esss2cxacypwumvul36melm,
1,sei1cnm35wr3grxgpssyffqtp4p9lazeyh6n222l4y,
1,sei158glffq6zr4pjmy7g70zn8xa2a2x9n52akggqz,
1,sei1aqvwlls7psrt5h9skecmr4w7c9ps4s0auz683m,
1,sei1ere4647kf3njp5ck0tsk855u6snejuuhvklnxx,
1,sei1d7a4k5rx2m6a5m9d9gzh8yxtqt5560r5yvfv5f,
1,sei1685tnrlesq59rse560ny6774gvd50u37pplvw4,
1,sei1c2f8nqwyf7fa8l6g8yjpc6chmaqtzyltevf59p,
1,sei1y587zq22eywsgu796t04dadq8pd4pag69ckhym,
1,sei1dnxcpuev9kwa8c6ckpwhe4lm2w9p97etn5829y,
1,sei1ekueplx5we8f8zl96hzzpfyk95hu5n9c8klzve,
1,sei1wghsuez72429p68tqjmr52s3842tve6uzwd6hs,
1,sei1ezgvjl7uad0gv000zm05trfa9gl8syrag4jw85,
1,sei1n8rxdwy6qass8au3nk7hh79n9g8jdcklwyzsj8,
1,sei1d6mxpf3f53g2lnc3y64z2jkwf6ngnffpz70t7h,
1,sei1g77rqz69jlxfp0h0qrg66nwnnc2lfmqk0arcvc,
1,sei1ad7uu7az9wudpqapq8yma4xa6scv0ksqudr500,
1,sei1z3fnfvszmlzcxdm556jqjzgcvl0ngcecrhxyra,
1,sei1n7yl4rysny4u6qecg527nha3q0emt3vk6xqq7j,
1,sei16fmjrdesp36stq6cnram99elw3d8rxe0at03lh,
1,sei17fl20kjngw27uq46pfhu7g8z99sfh4l4lzp00m,
1,sei1qr2dp7zml5593tey7ur7zjt8c9e8w4usnrwlg5,
1,sei14p6ckjyp8cx8kyucua36vaf9fsuye38kv30c60,
1,sei13qz6fe3shflnj92ntzswyhryqpr09jw39t7rzp,
1,sei1zmeav55zhrt9ga2pdasxq2uh5e74vr3usysw2e,
1,sei1qmxsnwwnyfk6zty9dc6v0ylkpxwfezrn9z6tye,
1,sei10m3fwuree5yw07ww5hk6r3fx37sy9etw9x5ncv,
1,sei1rkq2rphqtfmpc9823p08t2va56ep80wg4zcltp,
1,sei1j5uusjya75ph2sg4h3s25qx84wrq4ydynfw9u7,
1,sei1md6k609legnuvk8puaxf8gffc79c37xcwjckv4,
1,sei1xdrys27wy8wcjcvderpjvcmd9kxfwa8tuyesfk,
1,sei180jpt9uagefw890zzn8w62lzfn3s396l3ztysm,
1,sei1yerf89qfncgqpmfv7pxnnuxuy2xga289tckwec,
1,sei13lnmcnp3dsn0s7wmj987x0rxhyq8xjnrhj0mhr,
1,sei1hvvm68ky08h0x7fd4s22hgglgqg0l43mgm6snq,
1,sei1dqhgam3m7lnkyur6mvdf0k5yvwzeejvvxzryay,
1,sei1nsuhx3nh4lt8z0tsg73yw34d5rlhmw42aj06ss,
1,sei1lzt395tfj5yzpl40zsxae77g3zz4g3263v28v4,
1,sei1f6gleduz0kwglvswxrjx4vfml5n8nkhawtlfw2,
1,sei1qj7czrwrw58d6kh3c8ndxlzgmhn7wnf60pfmhw,
1,sei1685s0c7wqjav2l0wz7tn7urw9tap6ynyxk0uq6,
1,sei16xshmhj8dfa558vcjc0mlqhj2vnah5xz78ylwp,
1,sei10zf0la74a0nz64vnxxpjjhkx9pa3kms0r44560,
1,sei1gctl0lpc97t5l52sjmwmuxldfj8982fkqskmpk,
1,sei1464ncdhktkecl8v3xq2wlaqt0mse7a7g4m4rya,
1,sei13hpc6h3dcd705hyugt9wac0dsyyp0fvg06c7dv,
1,sei1y6px23xdckpvnl5epjd5j992f6u0ztjndagrn2,
1,sei1sdqqffm0v9cvdrlxay8m6xs3k04hj3rs44sd3q,
1,sei19a8lpxke04ym3zyzl4qyhsktppzt3rzzgp4jku,
1,sei1vtmh7f2uwps733aec4jjr7xnf0ks6g7xke9kgs,
1,sei1w6c32nhx587pg6r0qjqc02qq4ckreyatxmwwa2,
1,sei1f5eql4jdadlqhsr0vzk6590ek908gjcddpp3yd,
1,sei1x9lu2rmx2m8kxcmjflrjkk9gcypewfr8a8qa0g,
1,sei19cka5t9rjn4fx0a6qfqqnney8rund20eq0cwuq,
1,sei1lqfucq47rqprg44z94wa88ttf5s663m8ra386z,
1,sei1vmc8q2eyz4q57a20npdq47nfh4a4430wttdwxz,
1,sei153ceqd9rpu6dnhtq2pqcx87qpd62rf30djj8an,
1,sei1jmcx83za6x80dn75k7egq47kaxet88znm6k6e6,
1,sei1sqsl2yu9pwg7mvg4nrqmmhf82qh34l3tfwyh0a,
1,sei1jfxg0rvcdlggmlflfvq0jvlzgh4cthju6684ed,
1,sei1jmsdfu62t74zsmya005v4qyxles7sk8flwx593,
1,sei1ccujt3d68fvc6yd8280tlxfpwwa52cnm7ejjc5,
1,sei1lqfucq47rqprg44z94wa88ttf5s663m8ra386z,
1,sei1npr9jj529x6xg04dftgrw84um2lc8mmt496wgk,
1,sei1h2xp4llpvyn3qdzwde4ec8puuxz5na7m89xz0c,
1,sei1at36p2q0j8xjmk6pry00w3qexwcermflsj6ghr,
1,sei1xl7sltycyl6edyewpnf7fr42mdfsl6ht2ayws3,
1,sei1m980l78gr4xlv0pa59t5tdtnz9zgk8qrm9h995,
1,sei1nz0cutear60yu8hxs87j57x557y9mpudutxnzh,
1,sei1jhspg2yddla26hm9g00ccpv0mrl5mecqczzl9e,
1,sei18pe7hwh7gd5jmgylmp777tyvlltwg5zzh62626,
1,sei1d4vkwhejc8jsl4rk7cxejn60y35ewxr0ks7w0g,
1,sei1z9z56a58e6nhpsknxnhsrtt6vczutnqhe8rhzn,
1,sei1ncywa2f5ck3qt377yzldpmjmf5zc3qxgsg4d7t,
1,sei1qt5w63rykjw0qgug5e0p29wvyyaz9wrt9q4d62,
1,sei1y2l5mgdct6txz0yg2dar32zfzha2jwtvlxdv4j,
1,sei1ej7y4tpsm6x9mx2w2dcc7s27mve2v3f755266h,
1,sei185e34l2h4l5kf7kq38u5c5x9utej66us5d8cdv,
1,sei1xcjjkghme6re04627tdzh0acqgvprylv2cq3uy,
1,sei1af92msz5jufjj577t893esakqweu4qm5c4ad6e,
1,sei1n6nx5yskyttulf9gfvsm5h3djz333f7xh085p5,
1,sei16qyv46t7fqn0us7cz0c8zmazwxze6a3rymf7vg,
1,sei1sdqqffm0v9cvdrlxay8m6xs3k04hj3rs44sd3q,
1,sei1rsfzfjkh3xjpt5ge3f2a3arqnxnpaatjv3mav8,
1,sei1jc7fe0enjde8khrc7dp4k5lqaufs3658xvwu8a,
1,sei1qjfz2nh0dpqx8a6jqcc9yr4fv5gw6pjqhk2yw0,
1,sei18am46y54efwaapzskp3t9hvw4d4aw4gucel0vd,
1,sei1vw6tnvepztp7qa47d0g9erul2lw8zhr9vphvw8,
1,sei1dhhzggjwlkk7a7lravap6l58ncuhaz599d25ay,
1,sei1y6px23xdckpvnl5epjd5j992f6u0ztjndagrn2,
1,sei10nzpgygl3f5a6gh69tkrhk3djntcwg6g7ucqzk,
1,sei13m5pack00kcx7hdnw505zck78en9mm6lxhaql3,
1,sei10an054aj998tgyxrpjjt7dc5dfq0yt3a63tekd,
1,sei105dktlcgzhglcusyrg4kqfu28mlme6dqdh5sha,
1,sei14cv5qr09twnvhz6aw0glgz509tw32e8arfgtz5,
1,sei16nsqp4myn0ary0yuckhl7mwptvedqyvfu0u8ny,
1,sei1g3sxg907cmcjcl3zw3asgl8jyykv8t0adku64d,
1,sei1xe0jfs43kr3rty6crckhgv8sq668rv99g7qktn,
1,sei1qy8gp0hwqa2jw75k2lhlm0sms06e9fsl9agza7,
1,sei1cw7hn6y8zn46mt80ns484f8kuk90aq5fp0edjt,
1,sei1e2hv6zntgphhcdmr5lzhae0leh06dz4v5xvgwn,
1,sei13jvttq8gagks9xq3rem8xt94z8qyp26za843qa,
1,sei1vc85rlh2zcjz79507s78a02sguh5yuqjfmupne,
1,sei1e2hv6zntgphhcdmr5lzhae0leh06dz4v5xvgwn,
1,sei1e2hv6zntgphhcdmr5lzhae0leh06dz4v5xvgwn,
1,sei1w7u53dxafedhuvlk3j9dr7c4yre4q8kcj2ynly,
1,sei1w7u53dxafedhuvlk3j9dr7c4yre4q8kcj2ynly,
1,sei1np6nksmqaqgzl0asmxx7wy8vspgtv90wjt9q3v,
1,sei1fmylm33dqydvf4v4dznj9tlqv7d3yuhfyataw3,
1,sei1rtv9fgp7tjw98dphfywwmnnvxkn4tsgtgv7474,
1,sei158ugrp62wgrfj7zjehv4l03ujpz6a987c95s5r,
1,sei1n2v3t9ath2nvgmhfsjgpc5ylns0cytggr9m878,
1,sei1zxmxxk02k4x5mt30vjzpgjvy3m8lce8fhewxsk,
1,sei1uuhlmhd8sf9d0zd4dszkdftt9qhqymkvxlyjcd,
1,sei1v9n3glvq9ylf6pjnfkps3c5qp6exjr9cs5fg2e,
1,sei197c4zwj9ndt3x2c9ud08qdy5l93vahe4caxr8s,
1,sei1t4w4ekusaqjp7yp5javfxelgz2nhm8uzf7jvyc,
1,sei1d5h9rvaq6569ttgdls6la5xkz5c66pmz3eyg6x,
1,sei1d5h9rvaq6569ttgdls6la5xkz5c66pmz3eyg6x,
1,sei1d5h9rvaq6569ttgdls6la5xkz5c66pmz3eyg6x,
1,sei1dkerlnl6ntvaq0g7jdd2l50k3k2lscy0h3n06q,
1,sei1509sn8x8k9e76s7uq346x0x4qn5e9ph55ml0jr,
1,sei1067kxqmyhtg3smhjdl6jrg4mfthxprzav4zpq0,
1,sei1qy8gp0hwqa2jw75k2lhlm0sms06e9fsl9agza7,
1,sei1k00wvpkv7wlr8gc4wkkapsga3kn5zrzrqyvyd0,
1,sei1a838mzf03ddmat8mmwhgtp59v747rfyf9epv9x,
1,sei1hc03hndcpm3ge0c0ynn673fa2625rv3ak4fglx,
1,sei18yg54p0z0kkcf64wcpj4rh6xd5vlqlkqrpc4rr,
1,sei1xvvjdj5dpvu7awmqcw0ktms9kpyyansze3c8wx,
1,sei1dguakar8qr5mn37acnsmsqrh9w7thafcs5ug64,
1,sei1adlyl0n6vuxtf8g83u635gww6xs9whgt6d56kr,
1,sei1350z3xvtp4kdxu272zte0mrttk7ptmsjltp9d8,
1,sei1adlyl0n6vuxtf8g83u635gww6xs9whgt6d56kr,
1,sei1vrjf60u7dwxsq8m5d3n9a2ujwe900j3xpple0h,
1,sei10lsjxcl2ul4ckrs87eedu44mjpe05s7y08parl,
1,sei1r7sky4v5pm7s4wdwk4dhgxcyc2e0kvelwalxmh,
1,sei1th25ewa399l96vxpe60va90x67d7afp2ldcgv2,
1,sei10tfx068ddva82p7p0cmgcslhgyptqta77u4xh2,
1,sei1qfk76qhqwx97ch35dx3kg2qvfj6dy335df4jh3,
1,sei18xzleguj3hllmdpcqwvd78aap03p67xsghd70y,
1,sei10lsjxcl2ul4ckrs87eedu44mjpe05s7y08parl,